date,name,dc,avatar,type,message,image
2025/1/4 ‰∏ãÂçà 8:59:44,ÁéñÁ•û,ÁéñÁ•û kyu_kami,https://drive.google.com/open?id=1FcuxkchTGv9_b4BT9pZiWzLEu08eLMcc,text,Ê≠å~~ÁîüÊó•Âø´Ê®ÇÔºÅÔºÅÂ∏åÊúõÁÜôÊ≠åÈóÜÈóÜ‰πãÂæåÁöÑË®ÇÈñ±Êï∏Ëπ≠Ëπ≠ÁöÑÂæÄ‰∏äÂ§ßÊº≤ÔºåÁÑ∂ÂæåÂÜçÊà∞30Âπ¥XD,
2025/1/4 ‰∏ãÂçà 10:38:00,Levi(ÂÖµÈï∑Ë∫´È´ò‰∏ÄÁ±≥ÂÖ≠,Levi(ÂÖµÈï∑Ë∫´È´ò‰∏ÄÁ±≥ÂÖ≠,https://drive.google.com/open?id=1HdQn0MLoxC2U-7cfCfNS2iCm_d_lkiYO,text,Ê≠åÁîüÊó•Âø´Ê®Ç ÊÅ≠Âñú‰Ω†ÂèàËÄÅ‰∫Ü‰∏ÄÊ≠≤ Â∏åÊúõ‰Ω†ÂèØ‰ª•Èï∑Èï∑‰πÖ‰πÖÂÅöÁõ¥Êí≠ Â∏∂Áµ¶Â§ßÂÆ∂Ê≠°Á¨ë Âè™Ë¶Å‰Ω†ÊúâÈñãÂè∞ ‰∏ÄÂÆöÊåÅÁ∫åÊîØÊåÅ,
2025/1/19 ‰∏ãÂçà 3:03:18,Á©ÜÂá°Ozias,Á©ÜÂá°Ozias ozias_0512,https://drive.google.com/open?id=1Aw394TLUI0gSVOKGiSrZIVhKnYMA-SIb,text,"ÊÑüË¨ùÊ≠åÁöÑÂá∫Áèæ
ËÆìÊàëÂéüÊú¨ÊûØÁá•ÁöÑËÆÄÊõ∏ÁîüÊ¥ªÂ¢ûÊ∑ª‰∫ÜË®±Â§öÊ®ÇË∂£
ËÆìÊàëÊÉ≥Ëµ∑‰∫ÜÂ∞çÈãºÁê¥ÁöÑÁÜ±ÊÑõ
Á•ùÁÜôÊ≠åÈóÜÈóÜÁîüÊó•Âø´Ê®ÇÔºÅ",
2025/1/25 ‰∏ãÂçà 10:44:25,ÈñÉÁèæ‰∏çÁî®Èå¢,sneakmark02,https://drive.google.com/open?id=1xc8KEW_Bf7JoCGk4mJsYR8Td3pNakZYF,text,"Ê≠å~ÈùûÂ∏∏Ê¶ÆÂπ∏ÂèØ‰ª•Ë™çË≠ò‰Ω†
Âú®Ê≠°Á¨ë‰∏≠Ê∏°ÈÅé‰∏Ä‰∫õÊú¨Ë©≤Âπ≥Âá°ÁöÑÊó•Â≠ê
Á•ùÂπ≥ÂÆâÂñúÊ®Ç By.ÈñÉÁèæ‰∏çÁî®Èå¢",
2025/1/27 ‰∏äÂçà 9:37:24,ruzole,ruzole2002,https://drive.google.com/open?id=1jZCJtQ23N9XhiKnlEjj6XaVvZXPnqKXZ,text,"Ê≠åÔΩû8Ê≠≤Ê≠≤ÁîüÊó•Âø´Ê®ÇÔºÅÔºÅ
Ë¨ùË¨ùÊ≠åÁöÑÊó©ÂÖ´Âè∞ÔºåÊÉ≥Âà∞ÊúâÊó©ÂÖ´‰∏äÁè≠ÈÉΩËÆäÂæóÈñãÂøÉ‰∫ÜÔºå‰ªäÂπ¥‰πüÂ§öÂ§öÊåáÊïô„ÄÇ(¬¥‚ñΩÔΩÄ)„Éé‚ô™",
2025/2/3 ‰∏ãÂçà 8:41:22,Êö¥Èõ®ÊóãÈ¢®,hh2430,https://drive.google.com/open?id=1Bpa4JxwbzpqknxhN0qwVJowEJfkbDuoN,text,ÂèàÊòØ‰∏ÄÂπ¥‰∏ÄÂ∫¶ÁöÑÈáçË¶ÅÊó•Â≠êÔºåÁ•ùÊ≠å~ÁîüÊó•Âø´Ê®ÇÔºåÂøÉÊÉ≥‰∫ãÊàêÔºåÁÜôÊ≠åÁôºÂ§ßË≤°ÔºåÊÑüË¨ùÊ≠åÂ∏∂Áµ¶Â©öÂè´ÂÄëÊØè‰∏ÄÊ¨°Èõ£ÂøòÁöÑÁ≤æÂΩ©ÊôÇÂàª„ÄÇ,
2025/2/4 ‰∏ãÂçà 4:36:22,ËêΩ„Å°„ÇãÁæΩ,louyu_owo,https://drive.google.com/open?id=1V-m1KNpvfAlU6vVyEjfkR_5G5HQiwEiC,text,"Á•ùÊàëÂÄëÊúÄÂèØÊÑõÊúÄÊúâÊ∞£Ë≥™ÁöÑÁÜôÊ≠åÈóÜÈóÜÁîüÊó•Âø´Ê®Ç~
Á•ùÊ≠åÂøÉÊÉ≥‰∫ãÊàê Ëê¨‰∫ãÂ¶ÇÊÑè",
2025/2/5 ‰∏ãÂçà 12:12:55,Chris Chang,rico2929,https://drive.google.com/open?id=15J0o29e4vudPKbTM7-1vrz17H-QUcHZf,text,ÈõñÁÑ∂Êó©Â∞±ÊòØÂ©öÂè´Ôºå‰ΩÜËøëÂçäÂπ¥ÊâçÊØîËºÉÂ∏∏ËøΩÁõ¥Êí≠Ë∑üÂèÉËàáË©±È°åÔºåÊÑüË¨ùÊ≠å‰ΩøÊàë‰∫∫ÁîüÂ¢ûÊ∑ª‰∏ÄÈªûÈªûËâ≤ÂΩ©ÔºÅÁ•ùÊ≠åÂÖ´Ê≠≤Ê≠≤ÁîüÊó•Âø´Ê®ÇÔΩû,
2025/2/17 ‰∏ãÂçà 4:58:09,ÁøÅÁæ©Áíø,wenyixuan,https://drive.google.com/open?id=1e7z55gjFp-2Pmnji6xBiC6HhGhp3mBeU,image,,https://drive.google.com/open?id=1pt80gAJXMvsWFJQkot1NeQ3KAnd_1XYN
2025/3/11 ‰∏ãÂçà 9:03:15,Eden,eden_owo,https://drive.google.com/open?id=1WqT4kYv_2feCUo9beIskcHdKvuBCUvUZ,text,Ê≠å~ÂÖ´Ê≠≤Ê≠≤ÁîüÊó•Âø´Ê®Ç!Á•ùÂ¶≥‰ªäÂπ¥ÈÅîÊàêÊØèÂ§©Áù°È£Ω8HÔºåÂ§©Â§©ÁàΩÁàΩÂêÉ8È§êÔºåËÆöÂï¶!,
2025/3/17 ‰∏ãÂçà 7:36:06,ÂÖÉyuan,ÂÖÉyuan  yuan.0721,https://drive.google.com/open?id=1fDBVRAhftF7wGt2M_Apg7ezO6g3cTUJX,text,"Á•ùÂ∞äË≤¥ÁöÑ9800X3D+5080‰ΩøÁî®ËÄÖ ÁêâÁáÅÁé•Â©ºÂ•≥Â£´ 
ÁîüÊó•Âø´Ê®ÇÔºÅ",
2025/3/19 ‰∏äÂçà 2:37:30,ÂøêÂÆïÂÆï,ÂøêÂÆïÂÆï,https://drive.google.com/open?id=19EPV_M6kLNcGpbclAuZXq91r_ZrBHwlL,text,ÊàëÂñúÊ≠°ÁÜôÊ≠åÂ∞±ÂÉèÊàí‰∏çÊéâÁöÑÈüìÂºèÁÇ∏Èõû‰∏ÄÊ®£ÔºåÈõ£‰ª•ÂøòÊá∑ÔºÅÂ¶ÇÊàëÊõæË™™ÈÅéÈô™‰º¥ÊòØÊúÄÈï∑ÊÉÖÁöÑÂëäÁôΩÔºåÈÇ£Â∞±Á•ùÊÇ®ÁîüÊó•Âø´Ê®ÇÂï¶ÔºÅ,
2025/3/19 ‰∏äÂçà 8:16:20,Ê¥æÂ§ßÂÆ¢,Ë≥≠ÁàõÊ¥æÂ§ßÂÆ¢ÔºàÊàëÊòØÊ¥æÂ§ßÂÆ¢Ôºâ,https://drive.google.com/open?id=1C1SVBle9ktzajzTFpE378gm7OyWtZJcn,text,ÈÄôÊòØÊàëÁ¨¨‰∏ÄÊ¨°ÂèÉËàáÁîüÊó•‰ºÅÂäÉÔºåÊÑüË¨ùÊ≠åÂá∫ÁèæÂú®ÊàëÁöÑÁîüÊ¥ª‰∏≠ÔºåÁÇ∫ÊàëÈÄôÈöªÂ∞èÂ©öÂè´ÊûØÁá•ÁöÑÂ≠∏ÁîüÁîüÊ¥ªÔºåÂ∏∂‰æÜË®±Â§öÊ®ÇË∂£ÁîüÊó•Âø´Ê®Ç,
2025/3/22 ‰∏ãÂçà 5:24:34,Suzutsuki_Lin(Ê∂ºÊúà),suzutsukilin,https://drive.google.com/open?id=14VZlsyGubaS6c9tJF4xoy19HIX5lOr4h,text,"ÊÅ≠ÂñúÁÜôÊ≠åÁîüÊó•Âø´Ê®Ç~ ÂÖ´Ê≠≤Âï¶~
ÊÑüË¨ùÊúâÂ¶≥ÁöÑÈô™‰º¥ÔºåÊú™‰æÜÁöÑÊó•Â≠êÊàëÂÄëË¶Å‰∏ÄËµ∑ÊîúÊâãÂêëÂâçÈÄ≤ÊúùËëó80Ê≠≤ÈÇÅÈÄ≤!!",
2025/3/23 ‰∏äÂçà 2:02:12,froggy_liu,froggy5872,https://drive.google.com/open?id=1yyL0Z2m5bKygswlIDH99hi1QFEP8r5K3,image,,https://drive.google.com/open?id=1SOcXpHN_4ptmPaRQjFX6Jqrl_AdEDSE0
2025/3/26 ‰∏äÂçà 8:05:54,Ê≠êÂíñÂê∂ÂìãÂ≥∂Ê≤π,Tauiu,https://drive.google.com/open?id=1tpzPecvNNVTmOGIAe0EECLBFuf4BwvFI,text,"È¶¨‰∏äÂèàË¶ÅÈÅéÁ¨¨‰∏âÊ¨°ÁîüÊó•‰∫ÜÔºåÊôÇÈñìÈÅéÂæóÁúüÂø´ÂëÄ„ÄÇÂ§öÈ§òÁöÑÊàë‰∏çÂ§öË™™ 
Ê≠å~ÁîüÊó•Âø´Ê®Ç~ Á•ùÁõ¥Êí≠ÁîüÊ∂ØÈï∑Èï∑‰πÖ‰πÖ~",
2025/3/29 ‰∏äÂçà 1:33:04,Â∞èÈÄ≤,_xiao_jin,https://drive.google.com/open?id=1ylwk3hu-TSf2UZMHSQJRhvv5IcdXXc93,text,Ê≠å~ÁîüÊó•Âø´Ê®ÇÔºÅüéâüéÇ,
2025/3/29 ‰∏äÂçà 9:16:27,Á¥çÊΩî,Á¥çÊΩî,https://drive.google.com/open?id=1Ly4XMJ8Hxz8zyZdC9x_qkRQpup8k8bgp,text,Ê≠åÁîüÊó•Âø´Ê®ÇÔºÅÊÑüË¨ùÂ¶≥Âá∫ÁèæÂú®ÊàëÁöÑ‰∫∫Áîü‰∏≠ÔºåÊØèÈÄ±ÁÜôÂÖ´Âè∞ÊòØÊàëÁπºÁ∫åËµ∞‰∏ãÂéªÁöÑÂãïÂäõÔºÅ‰ª•ÂæåÊàëÊúÉÁπºÁ∫åÊîØÊåÅÊ≠åÔºÅÊúÄÂñúÊ≠°Â¶≥‰∫ÜÔºÅ,
2025/3/30 ‰∏ãÂçà 3:03:17,Â®Å‰ªî,Â®Å‰ªî@wei7777_,https://drive.google.com/open?id=1VG0YqKdrUgAL8QZlnx-BBIsW_dHkLA99,text,Ê≠å~ÁîüÊó•Âø´Ê®ÇÔºÅÈÄôÊòØÊàëÂÄë‰∏ÄËµ∑ÊÖ∂Á•ùÁöÑÁ¨¨‰∏âÂÄãÁîüÊó•ÔºÅÁ•ùÁ¶èÂ¶≥Ë∫´È´îÂÅ•ÂÅ•Â∫∑Â∫∑„ÄÅÂ∑•ÂïÜÊé•‰∏çÂÆåÔºÅÁôºÂ§ßË≤°ÔºÅ,
2025/3/30 ‰∏ãÂçà 11:50:04,Â∞èËÇâÊ°Ç(ÔΩ°ÔΩ•œâÔΩ•ÔΩ°),cinnamon8855,https://drive.google.com/open?id=1d1ZH6klSW9p4UjC9TN8jLtZM6WvbAnIn,text,"Ê≠å ÁîüÊó•Âø´Ê®Ç
‰ªäÂπ¥ÊñáÂ≠óÈÉ®ÂàÜÊ≤íËä±Ê®£‰∫ÜXDD
ÈÇÑÊòØ‰∏ÄÊ®£Á•ùÂ∞ºÊñ∞ÁöÑ‰∏ÄÂπ¥‰∏ÄÂÆöÂø´Ê®ÇË≥∫Â§ßÈå¢Âï¶
‰∏ÄËµ∑ÊúùÊú™‰æÜÂä™ÂäõÂêß~",
2025/3/31 ‰∏äÂçà 7:10:36,ÈùíÊ≠≤,ikiseisai,https://drive.google.com/open?id=1gF9T3ba7Xx4LVvqodKKaPCUhIHmnJ2fj,text,‰∏çÁü•‰∏çË¶∫Â∑≤Á∂ì‰æÜÂà∞ÊàëÂÄë‰∏ÄËµ∑Â∫¶ÈÅéÁöÑÁ¨¨‰∏âÂÄãÁîüÊó•‰∫ÜÔºåÂæàÈ´òËààËÉΩÈÅáË¶ãÂ¶≥ÈÄôÈ∫ºÁÜ±ÊÉÖÂèàÊöñÂøÉÁöÑÂØ∂Ôºå‰πüÊÑüË¨ùÂ¶≥Èô™‰º¥Â§ßÂÆ∂Âà∞ÁèæÂú®,
2025/3/31 ‰∏ãÂçà 8:29:55,Â§öÂñùÁÜ±Êµ∑Ê∞¥,Â§öÂñùÈñãÊ∞¥,https://drive.google.com/open?id=1Z-3FJIkGTdUqHlvOQc4GxX3KFsbqbx9P,text,Ê≠åÁîüÊó•Âø´Ê®ÇÔºåÁ•ùÁ¶è‰Ω†ÂøÉÈ°òÁõÆÊ®ôÈÉΩËÉΩÈ†ÜÈ†ÜÂà©Âà©ÂØ¶ÁèæÔºå‰ΩÜË©≤‰ºëÊÅØË¶Å‰ºëÊÅØ‰∏çË¶ÅÊääË∫´È´îÂºÑÂ£û‰∫ÜÔºåË∫´È´îÂÅ•Â∫∑ÊâçÊòØÊúÄÈáçË¶Å,
2025/3/31 ‰∏ãÂçà 10:07:43,„Ç∑„É•Â©öÂè´„Çª„É≥,shouxien,https://drive.google.com/open?id=1OqzHXIn9mMKXFZiF4iKJmyxCOzI5MZF9,text,ÊàêÁÇ∫Â©öÂè´‰ª•‰æÜÔºåÂú®ÈõúË´áÈñìÂ§öÊ¨°ÂÉπÂÄºËßÄÊé¢Ë®éËÆìÊàëÂ∞çÂ¶≥ÂñúÊÑõ‰πãÊÉÖÊúâÂ¢ûÁÑ°Ê∏õ„ÄÇÂ∏åÊúõÊú™‰æÜËÉΩÂíåÊ≠åÂâµÈÄ†Êõ¥Â§öÂõûÊÜ∂„ÄÇÁîüÊó•Âø´Ê®ÇÔºÅ,
2025/3/31 ‰∏ãÂçà 10:45:58,Â≠§Áç®‰πãÊ´ª,lonelysakura428,https://drive.google.com/open?id=1m9CiXm-hCybLa2LmtvG0qjEApNaAnBeq,text,ÈÄôÊ¨°ÊòØÊàëÂÄëÊúÄÊÑõÁöÑÊ≠åÈôçËá®Âà∞Âú∞ÁêÉÁöÑÁ¨¨‰∏âÂÄãÁîüÊó•‰∫ÜÔºÅÂ∏åÊúõÂ¶≥Âú®ÈÄô‰∏ÄÂπ¥Ë£°ÂèØ‰ª•Ë∫´È´îÂÅ•Â∫∑„ÄÅ‰∫ãÊ•≠È†ÜÂà©ÔºÅ(*¬¥‚àÄ`)~‚ô•,
2025/3/31 ‰∏ãÂçà 10:58:18,ÊõæÊ∞¥È§É,ÊõæÊ∞¥È§É,https://drive.google.com/open?id=13X0jaYaQwabBaxemAaSs-TMxcKjlKPKY,text,"Ê≠åÔΩûÁîüÊó•Âø´Ê®ÇÔºÅ
‰∏çÁü•‰∏çË¶∫ËàáÊ≠åÁõ∏ÈÅáÂø´ÂÖ©Âπ¥ÁöÑÊôÇÈñì‰∫ÜÔºåÊú™‰æÜ‰πüË´ãÂ§öÂ§öÊåáÊïôÂï¶ÔΩû
‰∏ÄÊó•Â©öÂè´ÔºåÁµÇË∫´Â©öÂè´ÔºåÊ∞∏ÈÅ†Âø†Ë™†ÔºÅ",
2025/3/31 ‰∏ãÂçà 11:24:14,Âè∏È¶¨ÂÜ¢Ëôé,Âè∏È¶¨ËÄÅË≥ä,https://drive.google.com/open?id=13hAVyiWLGcQsp-XnsU4vkD0lxfNr9ft_,text,"Êò•Èõ®Â§úËÅΩÈæçËóèÁ∂ìÔºåÂ§èÊó•Ë±™ÊÉÖÂ•ßÈÅãË°åÔºåÁßãÊ∞¥‰ºä‰∫∫Ê≠å‰ªôÂ¢ÉÔºåÂÜ¨Èõ™Â¶ñÁãêÂ§™ÂãïÊÉÖ„ÄÇ
Èñ£‰∏ãÁîüÊó•Âø´Ê®ÇÔºåÁπÅÂøô‰πüÂà•Âøò‰∫Ü‰ºëÊÅØü•π",
2025/4/1 ‰∏äÂçà 12:41:26,Âì≠È∫ªÁ≥¨(„ÇØ„ÉûÂêâ),crymochi,https://drive.google.com/open?id=1jZkwnoMRLnHRcS-VWSsB9yT5UkZArf_J,text,"ÂòøÔºÅÊ≠åÔºÅÂ¶≥ÂèàËÄÅ‰∫Ü‰∏ÄÊ≠≤‰∫ÜÔºÅ
ÁîüÊó•Âø´Ê®ÇÔºåË¶ÅÂ§©Â§©ÈñãÂøÉÂî∑ÔΩû
ÊääÊâÄÊúâ‰∏çÊÑâÂø´ÁöÑÁÖ©ÊÉ±ÈÄöÈÄöËõãÈõï( Õ°¬∞ Õú ñ Õ°¬∞)",
2025/4/1 ‰∏äÂçà 12:57:56,ÁôΩÊØõBaimoRay,baimo_ray,https://drive.google.com/open?id=1pIxsiJ6oh0Kv3Ml4m4lp44gbdHWlEqRU,text,Âç≥‰æøÊòØÊôÇÂ∏∏Âè™ÊúâË∑üÂè∞ÊéõËÅΩÊàñË£úÊ™îÁöÑÊàëÔºå‰πü‰æùËàäÊÉ≥Áµ¶Â¶≥Á•ùÁ¶èÔºåÊâÄ‰ª•ÂçÉË®ÄËê¨Ë™ûÂåØÂÅö‰∏ÄÂè•„ÄåÁîüÊó•Âø´Ê®Ç!ÁÜôÊ≠åÔºÅÂø´Ê®Ç!„Äç,
2025/4/1 ‰∏ãÂçà 4:53:49,ÊãîÂâå,ÊãîÂâå,https://drive.google.com/open?id=13d9hWjr9pQXPsbguXGgeayvp3E90CSIN,text,Ê≠å~ÁîüÊó•Âø´Ê®Ç ‰ªäÂπ¥ÈªëÊ¥ûÊáâË©≤ÊòØ8Ê≠≤Ê≠≤‰∫Ü ‰πüÊÅ≠ÂñúÂú®‰ªäÂπ¥ÈÅîÊàê10Ëê¨Ë®ÇÈñ±ÁöÑÁõÆÊ®ô,
2025/4/8 ‰∏äÂçà 9:50:38,ÁéÑÁ±≥Ë™áÈ¨Ü,ÁéÑÁ±≥Ë™áÈ¨Ü,https://drive.google.com/open?id=1bMyUpExtT2w4xVFXFSlA109mnY_QVue4,image,,https://drive.google.com/open?id=17w4apfjCSDOyyPelhAyQqDh541OcA0Rg
2025/4/8 ‰∏ãÂçà 12:39:07,Â¶ñÂÜ∞,ID:youkoori,https://drive.google.com/open?id=1HU8m1iTLQ-r0lyYiPrNi26CBhww30ztE,text,"ÁÜôÊ≠åÈóÜÈóÜ!Á•ù‰Ω†ÁîüÊó•Âø´Ê®Ç~~ÊÑüË¨ù‰Ω†Èô™ÊàëÂÄë‰∏ÄÂπ¥Âèà‰∏ÄÂπ¥,ËÆìÊàëÂÄëÂ§©Â§©ÈÉΩËÉΩÁúãÂà∞Ê≠åÈóÜÈóÜ,Èô™ÊàëÂÄëÂ∫¶ÈÅéÂêÑÁ®ÆÊôÇÂÖâ~",
2025/4/8 ‰∏ãÂçà 12:42:29,Á´ãÂ§è „Çä„Å£„Åã,Á´ãÂ§è,https://drive.google.com/open?id=1l5OlyzlKp3KEnWGXbvxhPpUV9gobVBlH,text,Âú®ÈÄôÈÇäÁ•ùÊ≠åÁîüÊó•Âø´Ê®ÇÔºÅÂèàÂèØ‰ª•Âπ´Ê≠åÂÜçÈÅé‰∏ÄÊ¨°ÁîüÊó•‰∫ÜÁúüÁöÑÂæàÈñãÂøÉÔºÅ(„Äç„Éªœâ„Éª)„ÄçÁÜôÊ≠åÔºÅ(Ôºè„Éªœâ„Éª)ÔºèÁîüÊó•Âø´Ê®ÇÔºÅ,
2025/4/8 ‰∏ãÂçà 12:57:52,ÊúâÂÖâ,ck654t.6,https://drive.google.com/open?id=1GTlqFQ-kDhxddUt8hj0xtMgeuMBJsJbH,text,ÊàëÂÄëÊúÄÊúâÊ∞£Ë≥™ÁöÑÊ≠åÊúâÈï∑‰∏ÄÊ≠≤Âï¶ÔºåÈõñÁÑ∂ÁúãÂè∞‰∏ç‰πÖ‰ΩÜÂú®Ê≠§Áçª‰∏äÁ•ùÁ¶èÁ•ùÊ≠åÁîüÊó•Âø´Ê®Ç„ÄÇ,
2025/4/8 ‰∏ãÂçà 1:30:41,„É©„Çπ„Ç≠ ÊµÆÈõ≤,rasuki030,https://drive.google.com/open?id=1LsxFx5LwNEZEJkcoW8QxHLgiqWR2vjn0,text,"ÁÜôÊ≠åÁîüÊó•Âø´Ê®Ç‚Å†‚úß\‚Å†‚Å†(‚Å†>‚Å†o‚Å†<‚Å†)‚Å†Ôæâ‚Å†‚Å†‚úß
Â§ßÂÆ∂‰∏ÄËµ∑ÊÖ∂Á•ùÂà∞80Ê≠≤(‚Å†„Å§‚Å†‚âß‚Å†‚ñΩ‚Å†‚â¶‚Å†)‚Å†„Å§",
2025/4/8 ‰∏ãÂçà 1:41:10,‰∫ûÂÖÅ Ë™çÁúüÈãºÈêµ‰∫∫,sirius0116,https://drive.google.com/open?id=1Rv37jrwMOVsHTPtWGPzjMWbYZuNkD6Yz,text,Ê≠åÔºåÁ∂ìÈÅé‰∫ÜÈÄôÈ∫º‰πÖÔºå‰πüÁ∂ìÊ≠∑‰∫Ü‰∏Ä‰∫õÂÄºÂæóÁ¥ÄÂøµÁöÑ‰∫ã„ÄÇÂú®‰ªäÂπ¥Âπ¥ÂàùÊàë‰πüÊàêÂäüÁöÑÂåó‰∏äÂèÉÂä†Á∑ö‰∏ãË¶ãÈù¢ÊúÉÔºåÂæàÊÑüË¨ùÊúâÈÅáË¶ã‰Ω†„ÄÇ,
2025/4/8 ‰∏ãÂçà 1:46:35,ÈñÉÁèæ‰∏çÁî®Èå¢,sneakmark02,https://drive.google.com/open?id=1xkfQIy6YS3E41Lk_hH9QEMTmx3PaoGnr,text,"Âú®ÊÖµÊá∂Êú¶ÊúßÁöÑÊó©Êô®
ÊúâC8Èô™Êàë
Âú®ÂØÇÂØûÁ©∫ËôõÁöÑÂ§úÊôö
Êúâ088Èô™Êàë
ÊÇ®ÁöÑË™ïÁîüÂç≥ÊòØÂ•áË∑°
ÊÇ®ÁöÑÊ∞£Ë≥™‰πüÊòØÂ•áË∑°Ôºü",
2025/4/8 ‰∏ãÂçà 1:56:33,ËìÆ,dao.sui,https://drive.google.com/open?id=1Cn6k_lc03IjxmFQpNSZpKqazqO_BLBGp,text,"ÊÑüË¨ùÊ≠åÂ∏∂Áµ¶ÊàëÂÄëÈÇ£È∫ºÂ§öÁöÑÂø´Ê®ÇÂèäÊúâË∂£ÁöÑÂØ¶Ê≥Å
Á•ùÊ≠åÊé•‰∏ã‰æÜÁöÑ‰∏ÄÂπ¥‰∫ã‰∫ãÈ†ÜÂøÉ Ë≤°Ê∫êÊªæÊªæ
Ê≠å~ÁîüÊó•Âø´Ê®ÇÔºÅ",
2025/4/8 ‰∏ãÂçà 9:18:45,Ëñ©Êë©ËÄ∂,Ëñ©Êë©ËÄ∂,https://drive.google.com/open?id=1Ze3ogLfAcdo1kgBdm0QYzHSwdPvxyuL1,text,"ÊàëÂú®‰ΩéÊΩÆÊôÇÊé•Ëß∏vtuber
ÊÑõ‰∏ä‰∫ÜÈÄôÁ®ÆÊîæÈ¨ÜÁöÑÊ∞£Ê∞õ
ÊÇ®ÁöÑÁõ¥Êí≠Ê∑±Ê∑±Âê∏ÂºïËëóÊàë
CygnusÔºïÔºíÔºêÁîüÊó•Âø´Ê®Ç",
2025/4/9 ‰∏ãÂçà 8:05:09,ÁãÇÈõ™,kuangsnow,https://drive.google.com/open?id=1ByHdQsn5JmR0oGAvSMDCF37AvZfZ3sWp,text,Â∞±ÁÆóÊòØÈÅ†Âú®Â§©ÈµùÂ∫ßÁöÑÈªëÊ¥ûÔºåÂ©öÂè´ÁöÑÁîü(Âíï)Êó•(Âíï)Á•ù(Êä´)Á¶è(Ëñ©)‰πüÂøÖÂÆöÈÄÅÂà∞!!,
2025/4/14 ‰∏ãÂçà 11:03:20,ÊÇ†Âá°,ÊÇ†Âá°,https://drive.google.com/open?id=1WUih8Mf_pB-_kIHNPHVFmLatVFZX_HR6,text,ÁÜôÊ≠åÈóÜÈóÜÁîüÊó•Âø´Ê®ÇÔºåÊôÇÈñìÈÅéÂæóÁúüÂø´ÔºåËΩâÁúºÈñìÂπ´Â¶≥ÊÖ∂Á•ùÁ¨¨‰∏âÊ¨°ÁîüÊó•ÔºåÈ°ò‰Ω†Âú®ÊàêÈï∑ÁöÑÈÅìË∑Ø‰∏äÔºåÂãáÊï¢ËøΩÈÄêËá™Â∑±ÁöÑÂ§¢ÊÉ≥ÔºÅ,
2025/4/15 ‰∏ãÂçà 7:56:19,ÊÉ≥Áù°Ë¶∫ÁöÑpepega,leolove8888,https://drive.google.com/open?id=1ubLykFlEv_yUrzUI8HeiAOCV1gS09TSp,text,"ÁÜôÊ≠åÈóÜÈóÜÁîüÊó•Âø´Ê®Ç 
Ë™çË≠òÊ≠å‰πüÂø´‰∏ÄÂπ¥‰∫Ü
ÈõñÁÑ∂ÈÇÑÂú®‰∏äË™≤Ê≤íËæ¶Ê≥ïË∑üÊó©ÂÖ´
‰ΩÜÊòØÈÇÑÊòØÁ•ùÊ≠åÁîüÊó•Âø´Ê®Ç",
2025/4/18 ‰∏ãÂçà 11:02:36,Ê®ÇÁ´†,alio000,https://drive.google.com/open?id=1b4Dc7XGTQhf9RdiFepyCdcqx50xTC32W,image,,https://drive.google.com/open?id=1Zslh94VRiRcbG9hyfR4B_u6VvcaUHVVa
2025/4/19 ‰∏ãÂçà 6:41:11,ÈæçÂΩ±,uom878787,https://drive.google.com/open?id=1urpL8yNBsafuXTsuBSKjaW4_L-m6ci_L,text,ÊÅ≠ÂñúÊ≠åÈóÜÈóÜËøé‰æÜ‰∫Ü5Ôºà+3ÔºâÊ≠≤Ê≠≤Âï¶ÔºåÂÜçÊ¨°Á•ùÁ¶èÊ≠åÈóÜÈóÜÊó•ÈÄ≤ÊñóÈáë„ÄÅÊñáÊÄùÊ≥âÊπßÔºåÊØèÂ§©ÈÉΩËÉΩÈñãÂøÉÁöÑÂíåÂ©öÂè´ÂÄë‰∏ÄËµ∑Ê∏°ÈÅé„ÄÇ,
2025/4/20 ‰∏äÂçà 12:43:13,Â§ß‰∏âÊ≠£Âú®ËÄÉË≠âÁÖßÁöÑÂ©öÂè´,subject1170,https://drive.google.com/open?id=1B1uPFkLhwu53tNWoHfz5amSsshpxvTQL,text,"ÁÜôÊ≠åÁîüÊó•Âø´Ê®Ç~ÂæàÂñúÊ≠°Â¶≥Âú®ÈñãÂè∞ÊôÇÂêÑÁ®ÆÁúüÊÄßÊÉÖÁöÑÊ®£Â≠ê
ÂñúÊ≠°‰Ω†Áõ¥Êí≠ÁöÑÊïàÊûúÔºåÈÇÑÊúâÊåÅÁ∫åÈÄ≤Ê≠•ÁöÑÊ≠åÂõû
Ê≠êÊØîÂæàÂèØÊÑõ:D",
2025/4/20 ‰∏äÂçà 1:54:30,ÁôΩÈ∫óËèú ÁôΩËâ≤Ëâ≤È´òÈ∫óËèú,dhydradd,https://drive.google.com/open?id=1G7ocvlT2qPjYuRG_Xh1hetbcO4WO_Bot,text,"‰∏ÄÂπ¥‰∏ÄÂ∫¶ÁöÑÁîüÊó•ÔºåÊàëÂÄëÂèàÁúã‰∫ÜÊ≠å‰∏ÄÂπ¥‰∫ÜÔºå
Â∏åÊúõÊàëÂÄëÂèØ‰ª•ÊåÅÁ∫åÂà∞088Ê≠≤ÈÉΩÂèØ‰ª•ÊÖ∂Á•ùÂà∞Â¶≥ÁöÑÁîüÊó•
ÊúÉ‰∏ÄÁõ¥ÁúãÂ¶≥‰∏ãÂéª",
2025/4/20 ‰∏äÂçà 1:58:38,Ê≤≥Ë±ö,Ê≤≥Ë±ö,https://drive.google.com/open?id=1lJKP-jdkjk76KRU6V_a3pn8qTyxHbwT-,text,ÁÜôÊ≠åÁîüÊó•Âø´Ê®Ç!!!,
2025/4/20 ‰∏ãÂçà 2:41:50,Owen,owen52,https://drive.google.com/open?id=1V4l-ciV217PVPooC-3LZtJaMwlxNkigh,text,ÊÅ≠ÂñúÂèàÂ§ö‰∫Ü‰∏ÄÊ≠≤Âï¶ÔºåÂ∏åÊúõÊ≠å‰πãÂæå‰πüËÉΩÈñãÂøÉÂú∞ÊÉ≥Âá∫ÊúâË∂£ÁöÑ‰∏ªÈ°åË∑üÊàëÂÄë‰∏ÄÂêåÂèÉËàáÔºåÁîüÊó•Âø´Ê®Ç!,
2025/4/20 ‰∏ãÂçà 7:52:57,Ê¢ÅÊüØÂ§¢,worldsay,https://drive.google.com/open?id=1_8hCpdjJlEkTS-tBnxoWVafboSQ92n4o,text,Á•ùË∂ÖÂèØÊÑõÁöÑÁÜôÊ≠åÂ•≥ÁéãÔºöË∫´È´îÂÅ•Â∫∑ÔºÅ‰∫ãÊ•≠È†ÜÂà©ÔºÅÂ§©Â§©ÈñãÂøÉÔºÅÂπ¥Âπ¥Êúâ‰ªäÊó•ÔºÅÊ≠≤Ê≠≤Êúâ‰ªäÊúùÔºÅ ÁîüÊó•Âø´Ê®Ç!,
2025/4/20 ‰∏ãÂçà 11:38:44,Jeff Tsai,Pichia5566,https://drive.google.com/open?id=10PSwBB0s4glK4PYGgStgviXVmepbLll4,text,ÁÜôÊ≠åÁîüÊó•Âø´Ê®Ç~ ÊÅ≠ÂñúÈÄô‰∏ÄÂπ¥ÈÅîÊàê3DÂåñ„ÄÅÈäÄÁõæÁ≠âÈáçÂ§ßÈáåÁ®ãÔºåËÆìÊàëÂÄë‰∏ÄËµ∑ÊúùÊõ¥È´òËôïÂá∫ÁôºÂêßÔºåË™™Â•ΩÈñã‰∏ÄËº©Â≠êÁõ¥Êí≠Âóé~,
2025/4/20 ‰∏ãÂçà 11:58:40,Ê®ÇÁ´†,alio000,https://drive.google.com/open?id=1OjxliYzQ3NSt-ucXH1A5FEoQ2j7siNvy,text,"Ê≠å~ËΩâÁúºÈñìÂ∞±‰æÜÂà∞ËàáÂ¶≥Áõ∏ÈÅáÁöÑÁ¨¨‰∏âÊ¨°ÁîüÊó•‰∫Ü!Á•ùÊ≠åÈóÜÈóÜÁîüÊó•Âø´Ê®ÇXDD
ÁÜôÊ≠å(¬¥,,‚Ä¢œâ‚Ä¢,,)‚ô°Ë∂ÖÂèØÊÑõ",
2025/4/20 ‰∏ãÂçà 11:59:05,„ÄêÂè≠ÂôóÂè≠Âôó„ÄëÊéíÊ∞£ÁÆ°,„ÄêÂè≠ÂôóÂè≠Âôó„ÄëÊéíÊ∞£ÁÆ° sidstraw,https://drive.google.com/open?id=199cijkqU7XwxwrXHlXLdB6owZMMauzea,text,ÁµÇÊñºÂú®Ê≠åÁöÑÁîüÊó•‰πãÂâçÊãøÂà∞ÈáëËõãËõãÂæΩÁ´†Âï¶ÔºåÂÖàÈ†êÂëäÊòéÂπ¥‰∏ÄÂÆöÊúÉÊéõ Gayge ËõãËõãÂπ´Ê≠åÊÖ∂Áîü,
2025/4/21 ‰∏äÂçà 12:13:04,ÁôΩÊØõBaimoRay,baimo_ray,https://drive.google.com/open?id=1ddvEoJ2znrTZJM78CxxsggA8l0kBgdgB,image,,https://drive.google.com/open?id=16GVcOqlZTj7R98knBih-JzULzhmVR-Lo
